Id,Target_Return,Target_Direction
7999,-0.002598042,0
8000,-0.0023939493,0
8001,-0.0011213189,0
8002,-0.0012901297,0
8003,-0.0005805492,0
8004,-0.002158489,0
8005,-0.0017513223,0
8006,-0.00029664824,0
8007,-0.0015412456,0
8008,-0.0017632608,0
8009,-0.00042058784,0
8010,-0.0004171878,0
8011,-0.00027361565,0
8012,-0.00091472204,0
8013,-0.00064404024,0
8014,-0.0010847622,0
8015,0.00021540072,1
8016,-0.0002422374,0
8017,-0.0010486846,0
8018,-0.0024628448,0
8019,-0.00041236856,0
8020,0.0014563584,1
8021,0.00013772254,1
8022,0.00071206875,1
8023,0.00097569136,1
8024,0.00011655412,1
8025,0.0005023581,1
8026,0.0005004381,1
8027,5.77924e-05,1
8028,0.00051366683,1
8029,0.00089169014,1
8030,0.001402513,1
8031,2.1728363e-05,1
8032,-0.001375298,0
8033,-0.00187677,0
8034,-0.0009812877,0
8035,-0.0009620138,0
8036,-0.0028030667,0
8037,-0.00092646497,0
8038,-0.00020847091,0
8039,-0.0021103688,0
8040,-0.0019724034,0
8041,-0.00040147075,0
8042,-0.000712328,0
8043,0.0012019225,1
8044,-0.0009693307,0
8045,-0.00072139327,0
8046,-0.0001652567,0
8047,-0.00024699778,0
8048,-0.00018823249,0
8049,-0.0003352567,0
8050,0.0011055596,1
8051,0.0017326124,1
8052,0.0006636174,1
8053,0.001276302,1
8054,0.0004235242,1
8055,0.0009165384,1
8056,-0.00042573246,0
8057,-2.4616646e-05,0
8058,0.00031412145,1
8059,0.0035301598,1
8060,0.0035602471,1
8061,4.2005e-05,1
8062,0.002220537,1
8063,0.0027553502,1
8064,0.0019353947,1
8065,0.00085483043,1
8066,-0.0015307497,0
8067,0.00019670311,1
8068,0.0007925186,1
8069,0.0007099818,1
8070,0.00029143124,1
8071,6.27829e-05,1
8072,-0.00034213922,0
8073,0.000364729,1
8074,0.0016473287,1
8075,0.0007354916,1
8076,0.0027050811,1
8077,0.00027987955,1
8078,-0.0008672329,0
8079,-0.0013239005,0
8080,0.00039139905,1
8081,-0.00014752396,0
8082,-3.1235122e-05,0
8083,-0.000395186,0
8084,-0.00055000954,0
8085,-0.00029541823,0
8086,0.0015902176,1
8087,0.0009012992,1
8088,0.0025872146,1
8089,0.0015797848,1
8090,0.0010754399,1
8091,-0.00036830007,0
8092,-6.827379e-05,0
8093,-0.00036590954,0
8094,-0.00038572119,0
8095,-0.0008847924,0
8096,-0.00035455014,0
8097,-0.0004274833,0
8098,0.00015075692,1
8099,0.000520667,1
8100,0.00043031664,1
8101,-0.0010352331,0
8102,0.00031657293,1
8103,0.0012002581,1
8104,0.001155129,1
8105,-0.00078066776,0
8106,0.001118555,1
8107,-0.00031865717,0
8108,-0.0010406616,0
8109,-0.0013554714,0
8110,0.00065696746,1
8111,-0.00011118116,0
8112,0.00019016105,1
8113,0.00035193522,1
8114,0.0004904205,1
8115,0.0007301138,1
8116,0.0004997237,1
8117,0.0011118754,1
8118,0.00021715683,1
8119,0.0001591679,1
8120,-0.0017192573,0
8121,0.000244095,1
8122,-0.00027878545,0
8123,-0.00193153,0
8124,-0.00029737243,0
8125,-0.0015278581,0
8126,-0.003783095,0
8127,-0.000910499,0
8128,-0.0016960335,0
8129,-0.0012184513,0
8130,-0.0006447451,0
8131,-0.0004416155,0
8132,0.0034366508,1
8133,0.0010377647,1
8134,0.00031487018,1
8135,0.0005700041,1
8136,0.0007761462,1
8137,0.00078791345,1
8138,0.00163969,1
8139,0.0011612951,1
8140,0.001254407,1
8141,0.0011846029,1
8142,0.0016268645,1
8143,0.00046836727,1
8144,0.00023888132,1
8145,-4.1170784e-05,0
8146,7.899499e-05,1
8147,-0.0003315173,0
8148,-0.00044636818,0
8149,0.00020403595,1
8150,-0.00021029256,0
8151,0.00039088877,1
8152,-0.00011724342,0
8153,7.43153e-05,1
8154,0.0012283173,1
8155,0.0007040461,1
8156,0.0007245707,1
8157,0.0008154779,1
8158,0.0021100652,1
8159,0.0006625013,1
8160,0.00087002426,1
8161,-0.0007818063,0
8162,0.0001369418,1
8163,0.00039806534,1
8164,0.00023853313,1
8165,-0.00086273573,0
8166,6.2281746e-05,1
8167,3.250599e-05,1
8168,0.0018118186,1
8169,-0.00015837674,0
8170,0.0003124121,1
8171,-0.0002581142,0
8172,-0.0012994517,0
8173,-0.0003084132,0
8174,-0.00085288816,0
8175,-5.147394e-05,0
8176,0.00023116186,1
8177,0.00046927918,1
8178,0.00013867937,1
8179,0.00050198456,1
8180,0.0021756047,1
8181,0.0007641782,1
8182,-0.00026791592,0
8183,-0.0002658498,0
8184,0.00030392496,1
8185,0.0006498752,1
8186,6.9780566e-05,1
8187,-9.689713e-05,0
8188,6.444153e-05,1
8189,0.0002413351,1
8190,7.932936e-05,1
8191,-0.0004094798,0
8192,0.00043677454,1
8193,0.0003437504,1
8194,-0.0002642896,0
8195,0.0011085353,1
8196,-0.00010347906,0
8197,-0.001650586,0
8198,-0.0013944053,0
8199,-0.0030303125,0
8200,0.00038107007,1
8201,-0.0001959527,0
8202,-0.00082996,0
8203,-1.2784127e-05,0
8204,0.0003320642,1
8205,-0.00035924886,0
8206,-0.00022569986,0
8207,-0.00043309823,0
8208,0.0023095263,1
8209,0.0006445182,1
8210,0.0005612442,1
8211,-0.0012757045,0
8212,0.00014930547,1
8213,0.0020444707,1
8214,-0.00048932823,0
8215,-2.1050684e-05,0
8216,-0.001970315,0
8217,0.0009728718,1
8218,-2.404201e-05,0
8219,0.0013200686,1
8220,0.0017627098,1
8221,0.0007477109,1
8222,-0.0012862653,0
8223,-0.00025703767,0
8224,-0.0004351247,0
8225,-0.00010927132,0
8226,-0.0003574474,0
8227,-0.0019915253,0
8228,0.00035939956,1
8229,0.0011119334,1
8230,0.0008154565,1
8231,0.00037462026,1
8232,0.00066869875,1
8233,0.0010182783,1
8234,0.00059552083,1
8235,-0.00017872555,0
8236,-0.00021847685,0
8237,0.000759688,1
8238,0.00025564124,1
8239,0.00058027724,1
8240,0.0009981294,1
8241,0.0006833163,1
8242,0.00083296164,1
8243,0.002164189,1
8244,0.0005222108,1
8245,0.0007792242,1
8246,0.00021595828,1
8247,0.0010909701,1
8248,0.0001274718,1
8249,0.0010122661,1
8250,0.0018154915,1
8251,0.00020374224,1
8252,0.0022748262,1
8253,0.0009549291,1
8254,0.0011916163,1
8255,-5.5575034e-05,0
8256,0.00089880073,1
8257,0.00042497794,1
8258,0.00010497449,1
8259,0.00041662215,1
8260,0.00012783727,1
8261,-0.00013405505,0
8262,-0.00031567377,0
8263,-0.0007778461,0
8264,0.0016628471,1
8265,0.0011031869,1
8266,9.1595895e-05,1
8267,0.00097516,1
8268,0.0013055783,1
8269,4.810862e-05,1
8270,0.00069393043,1
8271,0.00096531387,1
8272,5.0686784e-05,1
8273,-7.220073e-05,0
8274,0.00084313645,1
8275,-3.684302e-05,0
8276,-0.0012446386,0
8277,-0.00053299725,0
8278,0.00044614286,1
8279,0.000993626,1
8280,0.00053945574,1
8281,0.0007555991,1
8282,0.0003869249,1
8283,0.0021143407,1
8284,0.00031038476,1
8285,0.0007018303,1
8286,0.0007706052,1
8287,0.0004399729,1
8288,4.650362e-05,1
8289,0.00041136896,1
8290,-0.00047273346,0
8291,0.0002458222,1
8292,-0.00039253003,0
8293,-0.0007787878,0
8294,0.0008540748,1
8295,0.00050347013,1
8296,-0.00021097425,0
8297,0.0008898286,1
8298,-0.0017628327,0
8299,-0.0019333116,0
8300,-0.002683702,0
8301,-0.0021014113,0
8302,-0.002112203,0
8303,-0.0008246302,0
8304,-0.0006767278,0
8305,-0.00040268694,0
8306,-0.000837908,0
8307,-0.00023652487,0
8308,-0.0016142925,0
8309,-0.00045001425,0
8310,4.0158437e-05,1
8311,-0.001378029,0
8312,-0.0014968748,0
8313,-0.00032383334,0
8314,-0.00025371026,0
8315,-6.142918e-05,0
8316,-0.00034925842,0
8317,-0.0005014856,0
8318,0.001035661,1
8319,-0.0002558178,0
8320,0.0012822726,1
8321,0.0007022395,1
8322,0.0013410358,1
8323,-0.00011750091,0
8324,0.00026227144,1
8325,-5.1686922e-05,0
8326,0.0001682334,1
8327,6.381545e-05,1
8328,-0.00017578767,0
8329,0.00036700294,1
8330,0.0001903885,1
8331,1.21184485e-05,1
8332,-0.0005819523,0
8333,-0.00014422188,0
8334,5.6936806e-05,1
8335,-0.0025679886,0
8336,-0.00022193858,0
8337,-0.00020811812,0
8338,-0.0006228021,0
8339,0.00021461505,1
8340,0.00019183694,1
8341,-0.00023821877,0
8342,-0.0040642787,0
8343,-0.0016753256,0
8344,0.0006476614,1
8345,-0.00025763342,0
8346,-0.0003702358,0
8347,0.0018802126,1
8348,0.0006310026,1
8349,3.155551e-05,1
8350,-7.3745316e-05,0
8351,0.0002352129,1
8352,0.0007259697,1
8353,-0.00016474565,0
8354,-0.0010511705,0
8355,0.0005602801,1
8356,0.000116846,1
8357,0.00051737856,1
8358,0.00013788571,1
8359,0.0005507789,1
8360,0.0002571951,1
8361,-0.00016089871,0
8362,0.0019486793,1
8363,0.00055173057,1
8364,-0.00057098386,0
8365,-0.00067841593,0
8366,-0.0007226513,0
8367,0.0007620326,1
8368,0.00049470493,1
8369,-0.0015481447,0
8370,-0.00015645949,0
8371,-0.0001902231,0
8372,0.0001254767,1
8373,0.003237674,1
8374,0.00090579176,1
8375,0.0008057167,1
8376,8.799533e-05,1
8377,0.00022372577,1
8378,0.0015471774,1
8379,-0.00035160314,0
8380,-0.00011881731,0
8381,-0.00049275154,0
8382,-0.0005750643,0
8383,7.5036325e-05,1
8384,-0.0008382908,0
8385,7.467106e-05,1
8386,0.00017152,1
8387,-1.42490735e-05,0
8388,-0.00014561236,0
8389,0.0005454531,1
8390,0.00026134905,1
8391,-0.0001117848,0
8392,0.0016080934,1
8393,-0.00024186623,0
8394,0.00034181276,1
8395,0.0009301636,1
8396,0.0010288034,1
8397,0.00037538938,1
8398,-0.00044011025,0
8399,-0.0021779758,0
8400,-0.0011110788,0
8401,-0.00076703983,0
8402,-0.0008459906,0
8403,-0.00023708407,0
8404,-0.0006849815,0
8405,0.0012495825,1
8406,-0.0010304329,0
8407,0.000116207855,1
8408,3.9350463e-05,1
8409,0.0011028736,1
8410,0.0004426242,1
8411,0.0008065542,1
8412,0.00087375805,1
8413,0.00017759876,1
8414,0.00030083334,1
8415,-3.365116e-05,0
8416,-7.2727016e-05,0
8417,-0.0009460857,0
8418,-0.0013275469,0
8419,-0.0012419847,0
8420,-2.9724459e-05,0
8421,-0.00058493274,0
8422,7.244096e-05,1
8423,0.00018346941,1
8424,6.839666e-05,1
8425,-0.00086393714,0
8426,0.0030981766,1
8427,0.004356052,1
8428,-9.8225246e-05,0
8429,0.0009818566,1
8430,0.0013088069,1
8431,0.00021683649,1
8432,0.00037274585,1
8433,-0.000523294,0
8434,-0.00083879783,0
8435,-0.00016538255,0
8436,-0.00022900294,0
8437,-0.0018061231,0
8438,0.0031202964,1
8439,0.0026969677,1
8440,0.00056367234,1
8441,0.00022197234,1
8442,4.6971563e-05,1
8443,0.0002166569,1
8444,0.00014139891,1
8445,0.000653459,1
8446,0.0010288231,1
8447,-0.003915597,0
8448,-0.0013598854,0
8449,0.00039703396,1
8450,-0.0002574776,0
8451,-0.00045138813,0
8452,0.0008073462,1
8453,0.0008972376,1
8454,0.0013095964,1
8455,0.00082888734,1
8456,-0.0017020759,0
8457,0.0008634184,1
8458,0.0009977334,1
8459,0.0013121845,1
8460,0.0010463292,1
8461,0.0008903028,1
8462,0.0010618472,1
8463,0.0023019635,1
8464,0.0012451094,1
8465,0.0003440742,1
8466,0.0005283512,1
8467,0.00052075164,1
8468,0.0016466969,1
8469,0.0007574292,1
8470,0.00048105736,1
8471,-0.0003864642,0
8472,0.0005219416,1
8473,1.0706566e-05,1
8474,0.0010519066,1
8475,0.0007267254,1
8476,0.0007310985,1
8477,0.0017896788,1
8478,-0.00040606302,0
8479,-0.00032732257,0
8480,-0.00086894387,0
8481,-0.00052057684,0
8482,-0.0012746535,0
8483,-0.0003426792,0
8484,6.0925555e-05,1
8485,-0.00033147188,0
8486,0.00047738125,1
8487,0.00010765344,1
8488,0.0012539831,1
8489,0.00081185024,1
8490,0.00050684036,1
8491,0.00047462803,1
8492,6.4499836e-06,1
8493,0.0002781694,1
8494,-3.686508e-05,0
8495,0.00025913707,1
8496,-0.0008010646,0
8497,-0.00025674034,0
8498,0.00092406967,1
8499,-2.271754e-06,0
8500,-0.0017704407,0
8501,0.00010211705,1
8502,4.570305e-05,1
8503,0.000437081,1
8504,0.0006581792,1
8505,0.00035888318,1
8506,0.00017205882,1
8507,0.0010358765,1
8508,-0.0002120017,0
8509,0.0006711343,1
8510,-3.811812e-05,0
8511,0.00023528685,1
8512,-0.000511417,0
8513,-0.00024237628,0
8514,-0.00070870674,0
8515,-0.00013102105,0
8516,0.0005846789,1
8517,0.000788517,1
8518,-0.0001832536,0
8519,-8.608776e-05,0
8520,-0.0007283647,0
8521,0.00081026345,1
8522,0.0006077839,1
8523,0.0006937515,1
8524,0.0012927637,1
8525,0.0011848016,1
8526,-4.7900976e-05,0
8527,0.0010817756,1
8528,-0.0014107053,0
8529,-0.0006452371,0
8530,5.1785624e-05,1
8531,0.00070505997,1
8532,0.0006071828,1
8533,-0.0010245749,0
8534,-0.0010426949,0
8535,-0.00095382816,0
8536,-0.0014125224,0
8537,-7.068555e-05,0
8538,-0.00049511174,0
8539,0.0005558206,1
8540,-0.0001684928,0
8541,-0.00013291361,0
8542,-0.00011819297,0
8543,0.0002497622,1
8544,-0.00055964093,0
8545,-0.0015609242,0
8546,-0.00070413103,0
8547,-0.0007751212,0
8548,-8.91323e-05,0
8549,-0.0011916921,0
8550,-0.0005762672,0
8551,0.00030155282,1
8552,9.923916e-05,1
8553,-0.00020961271,0
8554,-0.00039419625,0
8555,4.2087624e-05,1
8556,0.000102952865,1
8557,-0.0028614104,0
8558,-0.0007477367,0
8559,0.0010298319,1
8560,-0.0006797677,0
8561,-8.574981e-05,0
8562,-0.001504773,0
8563,0.000865849,1
8564,0.0021735842,1
8565,-0.0017307868,0
8566,-0.0006476963,0
8567,-0.0008901268,0
8568,-0.0008654503,0
8569,9.373888e-05,1
8570,0.0003692064,1
8571,0.0010435416,1
8572,0.00076222257,1
8573,-9.227736e-05,0
8574,0.00063286454,1
8575,0.00077094685,1
8576,0.00013674828,1
8577,0.00039140074,1
8578,0.003624301,1
8579,0.0012379953,1
8580,0.00085928617,1
8581,0.00094041374,1
8582,0.0015093188,1
8583,0.0007920755,1
8584,-0.0003917191,0
8585,-0.00028440746,0
8586,-0.00034047646,0
8587,0.0040234947,1
8588,0.0007812438,1
8589,0.00024347822,1
8590,-0.00031352282,0
8591,0.0011784906,1
8592,1.0704102e-05,1
8593,0.0010829358,1
8594,0.00079837546,1
8595,0.0006987215,1
8596,0.0009048123,1
8597,-7.394566e-05,0
8598,0.00029684408,1
8599,0.00013464369,1
8600,0.00041354043,1
8601,0.00043505273,1
8602,-0.002790736,0
8603,0.0005142567,1
8604,0.0007910814,1
8605,0.00092549884,1
8606,-0.00026189903,0
8607,0.0017810345,1
8608,0.004340649,1
8609,0.0022007176,1
8610,0.0022180113,1
8611,0.00071403966,1
8612,0.0020075934,1
8613,0.00053746835,1
8614,-5.671022e-05,0
8615,0.00016616023,1
8616,0.00080960646,1
8617,0.0002891379,1
8618,-0.0006090386,0
8619,-0.00082053675,0
8620,0.00044926276,1
8621,0.00015727818,1
8622,0.00090381235,1
8623,0.0012828658,1
8624,0.00066666113,1
8625,0.00018706782,1
8626,0.0007375233,1
8627,-0.00029066973,0
8628,-0.0007071443,0
8629,-0.00019076142,0
8630,-0.0004728931,0
8631,-0.0010126495,0
8632,-0.002220194,0
8633,-0.0017815466,0
8634,0.0009442855,1
8635,-0.00035262876,0
8636,-2.2267068e-05,0
8637,0.00053742,1
8638,0.0012024025,1
8639,0.0003593574,1
8640,0.00014526064,1
8641,-3.197406e-05,0
8642,-0.0001733152,0
8643,0.00030835345,1
8644,0.000650821,1
8645,0.001190255,1
8646,0.0019436403,1
8647,0.0012275991,1
8648,0.0015057287,1
8649,0.0020219197,1
8650,0.001803862,1
8651,-3.5336874e-05,0
8652,-0.00017958907,0
8653,-1.1157941e-05,0
8654,1.3732597e-06,1
8655,0.0024611314,1
8656,-0.00031978733,0
8657,-4.9232047e-05,0
8658,0.000697881,1
8659,0.00077959907,1
8660,-0.0004262838,0
8661,-0.0019371526,0
8662,0.0002237049,1
8663,-0.0016059086,0
8664,-3.0258674e-05,0
8665,0.0006680085,1
8666,0.0025392934,1
8667,0.0009819802,1
8668,0.000304601,1
8669,-0.00089104084,0
8670,-0.0007920652,0
8671,-0.0009769783,0
8672,-0.0001471525,0
8673,0.0007904693,1
8674,-0.0006026044,0
8675,0.00058996637,1
8676,-0.00023090385,0
8677,-0.00046871958,0
8678,-0.00025341872,0
8679,0.00031207193,1
8680,0.00055662036,1
8681,-0.0012037365,0
8682,0.00020890459,1
8683,-0.0011534237,0
8684,-0.0013794312,0
8685,-0.0004483208,0
8686,-0.00052881916,0
8687,0.00057536166,1
8688,-0.0014100752,0
8689,-0.0003263339,0
8690,0.00024443795,1
8691,0.00040620417,1
8692,0.00034778283,1
8693,-0.0014940411,0
8694,-0.0007721077,0
8695,-0.001031429,0
8696,-0.0017122506,0
8697,0.00011571296,1
8698,0.0004121917,1
8699,-0.0014531681,0
8700,0.0017553162,1
8701,0.000417663,1
8702,0.0007864621,1
8703,0.0014000463,1
8704,0.0017449948,1
8705,0.00091974606,1
8706,0.0005519463,1
8707,0.00033469425,1
8708,0.00053099863,1
8709,0.00045928356,1
8710,-0.00012118843,0
8711,-7.374423e-05,0
8712,0.0011478459,1
8713,-0.00024323956,0
8714,9.9474215e-05,1
8715,-0.0018848295,0
8716,-0.00025969293,0
8717,-0.0004271509,0
8718,-0.002683211,0
8719,0.0020845227,1
8720,-0.001878858,0
8721,-0.0012756911,0
8722,-0.0015244517,0
8723,-0.001256629,0
8724,-0.0017716564,0
8725,-0.0019306776,0
8726,-0.001118579,0
8727,0.00063843245,1
8728,-0.0005651268,0
8729,0.00052722945,1
8730,-0.00060570525,0
8731,-0.00061350473,0
8732,-0.002295072,0
8733,0.0008062783,1
8734,0.0004888495,1
8735,3.4773468e-05,1
8736,3.448262e-05,1
8737,-0.00018360172,0
8738,-0.001308518,0
8739,-0.0009015784,0
8740,-0.00084437296,0
8741,-0.00084720424,0
8742,0.0019903253,1
8743,-0.0014688458,0
8744,-0.0020409932,0
8745,-0.0014929306,0
8746,-0.00018658394,0
8747,-0.00016511431,0
8748,0.00069745624,1
8749,-0.0012573351,0
8750,-4.8908245e-05,0
8751,0.00028570407,1
8752,4.6487592e-05,1
8753,0.00019775063,1
8754,-0.00021599261,0
8755,-5.10008e-05,0
8756,-0.00037032895,0
8757,-0.00052170496,0
8758,-0.0009879156,0
8759,-0.00078984845,0
8760,-0.00010090768,0
8761,-0.00043554782,0
8762,8.1439415e-05,1
8763,-0.00042174052,0
8764,-0.0010312289,0
8765,-0.00054761703,0
8766,-0.0011634957,0
8767,-0.0015197778,0
8768,-0.00070198457,0
8769,-0.00078155164,0
8770,0.00072367064,1
8771,-0.0012175011,0
8772,-0.00087083614,0
8773,-0.0012679317,0
8774,-0.00043620393,0
8775,-0.00091015134,0
8776,-0.001695045,0
8777,-0.001496497,0
8778,0.00021994406,1
8779,-0.00076676725,0
8780,-0.0010841857,0
8781,-0.0014714615,0
8782,-0.0015467324,0
8783,-0.00033897997,0
8784,-0.001129723,0
8785,-0.0015523657,0
8786,-0.0011489817,0
8787,-0.00082966575,0
8788,-0.00094814703,0
8789,-0.0007477925,0
8790,0.0030642697,1
8791,0.0011132578,1
8792,-0.00024479392,0
8793,-8.390746e-05,0
8794,-0.00087242766,0
8795,-0.0012514736,0
8796,-0.00032612454,0
8797,0.00014808339,1
8798,-0.001529845,0
8799,-0.001503315,0
8800,-9.847962e-06,0
8801,0.00037355622,1
8802,-8.946961e-05,0
8803,-0.0016746847,0
8804,-0.0012283511,0
8805,-0.00028239845,0
8806,-0.0003969475,0
8807,-0.0011642743,0
8808,-0.00079817604,0
8809,-0.00063423446,0
8810,-0.0016775035,0
8811,-0.002242457,0
8812,-0.00201976,0
8813,-0.0017528484,0
8814,-0.0012795691,0
8815,-0.00177326,0
8816,-0.0018800664,0
8817,-0.0017930561,0
8818,-0.000954451,0
8819,-0.0016064352,0
8820,-0.0046881703,0
8821,-0.0007282036,0
8822,-0.0007251285,0
8823,0.00059757044,1
8824,-0.00041585977,0
8825,-0.0013289226,0
8826,-0.0022138047,0
8827,-0.0010946289,0
8828,-0.0015052212,0
8829,0.00036489134,1
8830,-0.0010817485,0
8831,-0.0007979032,0
8832,-0.000719908,0
8833,0.00020508199,1
8834,-0.0014462364,0
8835,-0.00095273287,0
8836,-0.0005917058,0
8837,1.7875525e-05,1
8838,-0.0013781176,0
8839,-0.0014362473,0
8840,-0.00057953235,0
8841,-7.076255e-05,0
8842,-0.0009771718,0
8843,-0.0010118212,0
8844,-0.0018029235,0
8845,-0.0016450386,0
8846,-0.0040004198,0
8847,-0.0021864024,0
8848,-0.0009273169,0
8849,-0.0014814497,0
8850,0.0014259733,1
8851,-0.001606686,0
8852,-0.0015217053,0
8853,-0.0019761545,0
8854,-0.0012293622,0
8855,-0.0010571784,0
8856,-0.0010651816,0
8857,-0.002189535,0
8858,-0.001623766,0
8859,-0.0026228551,0
8860,-0.0017586952,0
8861,-0.0016783231,0
8862,-0.0015297037,0
8863,-0.002083183,0
8864,-0.001040934,0
8865,-0.0024946101,0
8866,-0.0023093547,0
8867,-0.0012265844,0
8868,-0.002589765,0
8869,-0.0020785583,0
8870,-0.0019868875,0
8871,-0.0023847453,0
8872,-0.0023724022,0
8873,-0.0014732191,0
8874,-0.0027554207,0
8875,-0.002597211,0
8876,-0.00221824,0
8877,-0.0020099054,0
8878,-0.0028011035,0
8879,-0.0022047465,0
8880,-0.0012777207,0
8881,-0.0015401441,0
8882,-0.0010226421,0
8883,-0.0021086845,0
8884,-0.0015757604,0
8885,-0.00328952,0
8886,-0.0034055165,0
8887,-0.0035061196,0
8888,-0.002984139,0
8889,-0.003180543,0
8890,-0.0027754623,0
8891,-0.0039738575,0
8892,-0.0019754025,0
8893,-0.001663412,0
8894,-0.0012340265,0
8895,-0.0020458605,0
8896,-0.0018659336,0
8897,-0.0014300961,0
8898,-0.0012630626,0
8899,-0.0006518285,0
8900,-0.0017849408,0
8901,-0.0012038834,0
8902,-0.0008396289,0
8903,-0.0021169577,0
8904,-0.00074837497,0
8905,-0.0014117472,0
8906,-0.00090646587,0
8907,-0.00060777745,0
8908,-0.0013134618,0
8909,-0.0023290238,0
8910,-0.0015014367,0
8911,-0.0033453982,0
8912,-0.0021279268,0
8913,-0.0016818256,0
8914,-0.001133332,0
8915,0.000666381,1
8916,0.0014871352,1
8917,-0.00034932053,0
8918,0.0021085883,1
8919,0.0016299196,1
8920,0.00016190053,1
8921,0.00038366273,1
8922,0.0019374607,1
8923,-0.0012779771,0
8924,0.001961216,1
8925,0.0022823298,1
8926,0.0035583682,1
8927,0.0016799046,1
8928,-0.0004343038,0
8929,0.00052630046,1
8930,-8.4896485e-05,0
8931,0.0004272905,1
8932,0.0005243115,1
8933,0.00054602243,1
8934,2.7525439e-05,1
8935,-0.0005355403,0
8936,0.00025935087,1
8937,-0.001827585,0
8938,-0.00059028,0
8939,-4.1891362e-05,0
8940,-8.724148e-05,0
8941,-0.00040125698,0
8942,-0.00044901014,0
8943,0.0010464534,1
8944,-0.0013432361,0
8945,-0.0006056407,0
8946,-0.0006297532,0
8947,0.00024512448,1
8948,-0.00023403678,0
8949,-0.001290946,0
8950,-0.002038806,0
8951,0.00031550488,1
8952,-0.00024090083,0
8953,0.00040283124,1
8954,0.0005403292,1
8955,0.00016511726,1
8956,0.00020909343,1
8957,-0.00058437436,0
8958,-0.0021595983,0
8959,-0.0019220778,0
8960,-0.0018315895,0
8961,-0.0020950192,0
8962,-0.0020954097,0
8963,-0.002690095,0
8964,-0.0023220123,0
8965,-0.00052417984,0
8966,-0.0011098114,0
8967,0.00012263842,1
8968,-0.00050235126,0
8969,-0.0010734593,0
8970,-0.0015869869,0
8971,-0.001649734,0
8972,-0.00064405845,0
8973,-0.0018596699,0
8974,-0.00061423046,0
8975,0.0009802586,1
8976,0.0021487866,1
8977,-0.000980432,0
8978,-0.0012078858,0
8979,-0.000977778,0
8980,-0.0027168235,0
8981,0.0006254159,1
8982,-6.452747e-05,0
8983,-0.00056764466,0
8984,-0.00027943766,0
8985,0.0026025113,1
8986,0.00091468066,1
8987,-0.0018404912,0
8988,-0.0009923362,0
8989,0.0003425035,1
8990,-0.00019700623,0
8991,-0.00017898677,0
8992,-0.0009167138,0
8993,-0.0017925034,0
8994,-0.0027726742,0
8995,-0.001111524,0
8996,-0.0027118062,0
8997,-0.0015107221,0
8998,-0.0006759036,0
8999,0.00018479412,1
9000,0.00049709115,1
9001,0.001143471,1
9002,-0.0008365531,0
9003,7.6202705e-05,1
9004,-0.00053595507,0
9005,0.0019758688,1
9006,0.002205776,1
9007,0.0019132175,1
9008,-0.0007371315,0
9009,-0.001184347,0
9010,-0.0004608096,0
9011,0.0003172315,1
9012,0.0015199949,1
9013,0.00011045932,1
9014,0.00014577103,1
9015,0.00080290803,1
9016,0.002212861,1
9017,0.000530611,1
9018,-0.0006027776,0
9019,0.00022379994,1
9020,-0.00091610616,0
9021,0.0006694581,1
9022,-6.775532e-05,0
9023,-0.00013702456,0
9024,-8.11448e-06,0
9025,-0.00038601013,0
9026,-0.0016433102,0
9027,-0.00031530278,0
9028,-0.0009179275,0
9029,-9.5975425e-05,0
9030,-0.0012829662,0
9031,-0.0018633669,0
9032,-0.001910004,0
9033,0.00051520555,1
9034,-0.002138095,0
9035,-0.00095298165,0
9036,-0.0014560574,0
9037,-0.00039674083,0
9038,-0.0009738851,0
9039,-0.000256123,0
9040,-0.0007530174,0
9041,-0.00036349022,0
9042,-0.0019268695,0
9043,-0.00093663495,0
9044,-0.00021295235,0
9045,0.00020971516,1
9046,-0.0011315254,0
9047,-0.00037542917,0
9048,-0.00094948127,0
9049,0.0010051085,1
9050,-0.0007091723,0
9051,-0.0001521152,0
9052,-0.0016617482,0
9053,-0.001452676,0
9054,0.00021636458,1
9055,-0.00068905414,0
9056,-0.00061964063,0
9057,-0.00029760678,0
9058,-0.0012817029,0
9059,-0.0015219739,0
9060,-0.002492475,0
9061,-0.0021820483,0
9062,-0.0019871946,0
9063,-0.0013207181,0
9064,-0.0026128872,0
9065,-0.0027636448,0
9066,-0.0017915532,0
9067,-0.0022276717,0
9068,-0.00044412195,0
9069,-0.0013193641,0
9070,-0.0016273177,0
9071,-0.0017070377,0
9072,-0.0010127389,0
9073,0.0008137942,1
9074,-0.0031431445,0
9075,0.00032921752,1
9076,-0.00065844203,0
9077,-5.9634527e-05,0
9078,-0.0008779844,0
9079,6.309149e-05,1
9080,-3.4363533e-05,0
9081,0.00039489454,1
9082,-0.00043207273,0
9083,0.00028795656,1
9084,-0.001009497,0
9085,-0.0006812919,0
9086,-0.0020918844,0
9087,0.0009362868,1
9088,-0.00035404947,0
9089,-0.0014884587,0
9090,0.00044391744,1
9091,-0.0009705029,0
9092,-0.00015465151,0
9093,-0.000596748,0
9094,0.00047586058,1
9095,0.0009577644,1
9096,0.0005828411,1
9097,6.508395e-05,1
9098,0.00013514697,1
9099,0.00022681493,1
9100,0.0005395988,1
9101,-0.0018226507,0
9102,-0.00077389006,0
9103,5.0587452e-05,1
9104,0.00072674203,1
9105,-6.512074e-05,0
9106,-0.00063363713,0
9107,-0.00045981837,0
9108,-0.0004068158,0
9109,-0.00040083224,0
9110,0.001527507,1
9111,0.00062392204,1
9112,0.00056627643,1
9113,0.0006003653,1
9114,0.00034067,1
9115,0.00027651933,1
9116,0.0003733659,1
9117,-8.681264e-05,0
9118,-0.0021118657,0
9119,-0.0011950306,0
9120,0.002863311,1
9121,0.00089021085,1
9122,0.00015401626,1
9123,0.00087236246,1
9124,0.0019583313,1
9125,-0.00076492084,0
9126,-0.0023238189,0
9127,-0.00035275155,0
9128,-0.0016672448,0
9129,-0.001550756,0
9130,-0.00242452,0
9131,-1.93756e-05,0
9132,-0.0008315091,0
9133,-0.0012701578,0
9134,-0.0031814144,0
9135,-0.00060527364,0
9136,-0.0028323433,0
9137,-0.000931135,0
9138,-0.0011937912,0
9139,-0.004582314,0
9140,-0.003128855,0
9141,-0.0038325246,0
9142,-0.0025764203,0
9143,-0.0034992145,0
9144,-0.004988992,0
9145,-0.00065969344,0
9146,0.0004945026,1
9147,-0.0024209558,0
9148,-0.0028022379,0
9149,-0.00066077954,0
9150,-0.0030094879,0
9151,-0.0011954373,0
9152,-0.0029668426,0
9153,-0.004167775,0
9154,0.0018886232,1
9155,-0.00249083,0
9156,-0.0025488643,0
9157,2.6059552e-05,1
9158,-0.0044612736,0
9159,-0.0037364126,0
9160,-0.0021388668,0
9161,-0.0018642558,0
9162,-0.002342467,0
9163,0.00017198456,1
9164,-0.0024193332,0
9165,-0.002566478,0
9166,-0.002406972,0
9167,-0.0039019259,0
9168,-0.0021831894,0
9169,-0.002178733,0
9170,-0.00074293924,0
9171,-0.0028293717,0
9172,-0.0034933174,0
9173,-0.002745292,0
9174,-0.001466096,0
9175,-0.001724304,0
9176,-0.0033647313,0
9177,-0.003835586,0
9178,-0.0025566095,0
9179,-0.0037211678,0
9180,-0.0020101194,0
9181,-0.00070905435,0
9182,-0.004637374,0
9183,-0.005103448,0
9184,-0.0020665543,0
9185,-0.004961678,0
9186,-0.0032926414,0
9187,-0.0011053768,0
9188,-0.0013023594,0
9189,-0.00323015,0
9190,-0.001502186,0
9191,-0.002809045,0
9192,-0.0048568137,0
9193,-0.0032966724,0
9194,-0.0035475008,0
9195,-0.0020756645,0
9196,-0.004943291,0
9197,-0.0045452137,0
9198,0.00044201888,1
9199,-0.0008520287,0
9200,-0.00078713044,0
9201,-0.0020960874,0
9202,-0.0017984188,0
9203,-0.004055249,0
9204,-0.00342082,0
9205,-0.0023985931,0
9206,-0.0025757363,0
9207,-0.0026153743,0
9208,-0.002740862,0
9209,-0.00051773625,0
9210,-0.0016389161,0
9211,0.000463515,1
9212,-0.0025602984,0
9213,-0.0036158592,0
9214,-0.0014986082,0
9215,-0.0004986934,0
9216,-0.003698955,0
9217,-0.0037445205,0
9218,-0.0017347414,0
9219,-0.0041771387,0
9220,-0.0031472682,0
9221,-0.0027729396,0
9222,-0.0023064846,0
9223,-0.0015497407,0
9224,-0.0017279716,0
9225,-0.0014106706,0
9226,-0.0011833224,0
9227,-0.0029451984,0
9228,-0.0020513604,0
9229,-0.0025586765,0
9230,-0.0016715345,0
9231,-0.0028129597,0
9232,-0.0021417274,0
9233,-0.005058915,0
9234,-0.0065639275,0
9235,-0.004094625,0
9236,-0.001184608,0
9237,-0.0011929609,0
9238,-0.00045753425,0
9239,-0.0023518829,0
9240,-0.00083075004,0
9241,-0.0015910325,0
9242,-0.0023557437,0
9243,-0.0023958806,0
9244,-0.0033614628,0
9245,-0.002682956,0
9246,-0.0019599986,0
9247,-0.0020405427,0
9248,-0.002571413,0
9249,-0.0004323685,0
9250,-0.0010815179,0
9251,-0.0023022883,0
9252,-0.0025317094,0
9253,-0.0026299215,0
9254,-0.0019112059,0
9255,-0.0015944428,0
9256,-0.0013201241,0
9257,3.7739264e-05,1
9258,-0.0030896347,0
9259,-0.00080758665,0
9260,-0.00082173146,0
9261,0.00010375262,1
9262,0.0006175703,1
9263,-0.0018006596,0
9264,-0.0012693846,0
9265,-0.00025749145,0
9266,-0.001986019,0
9267,0.00022778827,1
9268,-0.00095746404,0
9269,-0.0015350175,0
9270,-0.00113164,0
9271,-0.00018734945,0
9272,-0.00048579552,0
9273,0.0004535249,1
9274,-0.00050400844,0
9275,7.092731e-06,1
9276,0.0006062811,1
9277,0.0008466393,1
9278,0.00094803836,1
9279,-0.00030691226,0
9280,-0.00037799985,0
9281,-0.0001690353,0
9282,0.00039257898,1
9283,0.0007405249,1
9284,-0.0007121514,0
9285,0.0013824082,1
9286,0.0007330323,1
9287,-0.00012921725,0
9288,-0.00039799514,0
9289,-0.0013920268,0
9290,-0.0004775854,0
9291,-0.0003704409,0
9292,-0.00034066927,0
9293,-0.0014012362,0
9294,-0.0019895313,0
9295,-0.0020066893,0
9296,-0.0011444377,0
9297,-0.0014700486,0
9298,-0.0011118182,0
9299,-0.000109351015,0
9300,-0.0003258116,0
9301,-0.0016101251,0
9302,-0.0009966355,0
9303,-0.0007473189,0
9304,-0.0001981505,0
9305,-0.0007288276,0
9306,-0.0010507983,0
9307,-0.00032942704,0
9308,-0.0013267812,0
9309,-0.0010814427,0
9310,0.0017229063,1
9311,-0.00057000114,0
9312,-0.0006198452,0
9313,-4.5529694e-05,0
9314,-7.7038145e-05,0
9315,-0.00051851367,0
9316,0.002218604,1
9317,0.00051759795,1
9318,-0.0014227808,0
9319,0.0016613974,1
9320,-0.0014873317,0
9321,-0.0014936259,0
9322,-0.0024781534,0
9323,-0.0009766292,0
9324,-0.00028630672,0
9325,-0.00084854534,0
9326,-0.00034446537,0
9327,-0.0012533696,0
9328,-0.0030657789,0
9329,-0.0032482531,0
9330,-0.004692692,0
9331,-0.0020030083,0
9332,-0.00162952,0
9333,-0.0012761593,0
9334,-0.00094848615,0
9335,-0.0011145571,0
9336,-0.001100554,0
9337,-0.00091045466,0
9338,-0.00058662164,0
9339,-0.0002893903,0
9340,-0.0010873948,0
9341,-0.0026869148,0
9342,-0.0011287509,0
9343,-0.0006620822,0
9344,-0.0006678192,0
9345,-0.00082021294,0
9346,-0.00043767426,0
9347,-0.0025195,0
9348,-0.001813269,0
9349,-0.0005043761,0
9350,-0.0023602915,0
9351,-0.0025453563,0
9352,0.00059677067,1
9353,-0.0013865021,0
9354,0.0025628945,1
9355,-0.00083848735,0
9356,-0.00012167009,0
9357,-0.001245028,0
9358,-0.00059390726,0
9359,-0.00041827207,0
9360,0.00057250756,1
9361,-0.0010772811,0
9362,-0.00010466819,0
9363,8.5567444e-05,1
9364,-0.0003806982,0
9365,-0.00063658797,0
9366,-0.00049985,0
9367,-4.5847493e-05,0
9368,-0.0001626705,0
9369,-0.00017722868,0
9370,-0.0009442775,0
9371,-2.7248205e-05,0
9372,-0.0013155482,0
9373,-0.0004350193,0
9374,-6.339478e-05,0
9375,-0.00024003537,0
9376,0.0012857881,1
9377,0.00017000013,1
9378,0.0010737987,1
9379,0.0003466946,1
9380,-0.0011643157,0
9381,-0.00055312086,0
9382,0.0014181308,1
9383,3.138173e-05,1
9384,-0.0019020042,0
9385,-0.001675439,0
9386,-0.0019401201,0
9387,-0.00039516413,0
9388,-0.003006681,0
9389,-0.0033253683,0
9390,-0.0013592951,0
9391,-0.00072001887,0
9392,-0.00044499148,0
9393,-0.000108875596,0
9394,-0.0007083823,0
9395,-0.00083450467,0
9396,-0.002909177,0
9397,-0.00012918975,0
9398,-0.00071725884,0
9399,0.000957618,1
9400,-0.0009788623,0
9401,-0.0001699653,0
9402,-0.000640229,0
9403,-0.0012851176,0
9404,-0.0006382822,0
9405,-0.0012417466,0
9406,-0.00055928115,0
9407,0.00025397856,1
9408,0.00011382488,1
9409,-0.00029927344,0
9410,-0.0017604391,0
9411,-0.00053837535,0
9412,0.00016142559,1
9413,-0.00017022355,0
9414,-0.0005734085,0
9415,-0.00095191615,0
9416,-0.00023680773,0
9417,-0.000700777,0
9418,9.302802e-05,1
9419,0.00019349443,1
9420,-0.0004262292,0
9421,-0.0015361737,0
9422,-0.0011147222,0
9423,-0.0012569717,0
9424,-0.001210526,0
9425,-0.0010906523,0
9426,0.00030566545,1
9427,-0.0012767173,0
9428,0.0027984336,1
9429,0.0037053183,1
9430,-0.0018978849,0
9431,-0.00034476916,0
9432,-0.0011483718,0
9433,0.00096395536,1
9434,0.0004545161,1
9435,-0.00016256524,0
9436,-0.0011610045,0
9437,-0.0010482348,0
9438,-0.0016104021,0
9439,-0.0016107901,0
9440,0.001078574,1
9441,0.0004590111,1
9442,-0.0005523989,0
9443,0.0006151259,1
9444,-0.00094513455,0
9445,0.0010612942,1
9446,0.001039871,1
9447,-0.00015221484,0
9448,-0.00071734603,0
9449,-0.0015007373,0
9450,-0.0018242529,0
9451,-0.0027758195,0
9452,-0.0014615487,0
9453,-0.0016382746,0
9454,-0.0033720671,0
9455,-0.0017247534,0
9456,-0.0017895502,0
9457,-0.0015782292,0
9458,-0.0014721706,0
9459,-0.00056255213,0
9460,-0.0003487711,0
9461,-0.0014336323,0
9462,0.00039825257,1
9463,-0.0008326293,0
9464,-0.0013046466,0
9465,-0.000779195,0
9466,0.000818612,1
9467,0.00077576935,1
9468,-0.0006126455,0
9469,0.0001461797,1
9470,-0.0012276298,0
9471,-0.0020854282,0
9472,-0.00061562785,0
9473,-0.0021143015,0
9474,0.0027532256,1
9475,-0.00017550089,0
9476,-0.00019665407,0
9477,-0.00083174906,0
9478,-0.0014132005,0
9479,0.00026270712,1
9480,1.3541815e-05,1
9481,0.0015791983,1
9482,0.00084308017,1
9483,0.001225414,1
9484,0.00028048144,1
9485,0.0001369399,1
9486,0.001079928,1
9487,0.0009085443,1
9488,0.00036826226,1
9489,0.00040846347,1
9490,0.0003443911,1
9491,-0.0006280789,0
9492,-0.0029251669,0
9493,-0.0012877696,0
9494,-0.0010924105,0
9495,0.00012346401,1
9496,-0.0011206801,0
9497,-0.0025867359,0
9498,-0.0021251345,0
9499,-0.00044828947,0
9500,-0.0010221576,0
9501,0.00034948063,1
9502,-0.0010809688,0
9503,-0.0005109936,0
9504,-0.00035529953,0
9505,-0.0017395371,0
9506,0.0007643364,1
9507,0.00048201965,1
9508,0.0014554247,1
9509,-4.3228065e-05,0
9510,0.0011712393,1
9511,0.000844296,1
9512,0.0011855178,1
9513,-0.000100711535,0
9514,0.0010655294,1
9515,6.907738e-05,1
9516,0.0015847159,1
9517,0.0016367208,1
9518,0.0013320465,1
9519,0.0008196331,1
9520,0.0006937681,1
9521,0.0024403487,1
9522,0.0006874239,1
9523,0.0012947904,1
9524,0.0038280622,1
9525,0.00010889188,1
9526,0.000115254996,1
9527,-0.0011638216,0
9528,0.00016006213,1
9529,-0.000709964,0
9530,-0.002098997,0
9531,0.00032073623,1
9532,-0.00053044874,0
9533,-0.00041451593,0
9534,0.0007508796,1
9535,0.00071809377,1
9536,-0.00047282563,0
9537,0.00015182572,1
9538,-0.0015657891,0
9539,-0.0009839443,0
9540,-0.0011642218,0
9541,-0.002063529,0
9542,-0.0016828044,0
9543,-0.0023903367,0
9544,-0.002648859,0
9545,-0.0009697845,0
9546,-0.0022235217,0
9547,-0.0020869744,0
9548,-0.0026845126,0
9549,0.00089271646,1
9550,-0.0018713857,0
9551,-0.00092379213,0
9552,-3.1151078e-05,0
9553,-0.0017846108,0
9554,-0.004019542,0
9555,-0.0024682577,0
9556,-0.0009907748,0
9557,-0.0015876464,0
9558,-0.0014646081,0
9559,-0.0012822974,0
9560,-0.0014151379,0
9561,-0.0020071946,0
9562,-0.0013539338,0
9563,-0.002936457,0
9564,-0.0027593847,0
9565,-0.0019295018,0
9566,-0.0016825295,0
9567,-0.0011609035,0
9568,-0.00095685164,0
9569,-0.00021651294,0
9570,-0.00082560536,0
9571,-0.0019165855,0
9572,-0.0018201711,0
9573,0.0031268806,1
9574,0.0034978366,1
9575,0.00055074616,1
9576,-0.00010707178,0
9577,-0.00065700465,0
9578,8.31538e-05,1
9579,-0.00074570836,0
9580,-0.0030147792,0
9581,-0.003074012,0
9582,-0.0008877185,0
9583,-0.00037049598,0
9584,-0.0022728916,0
9585,-0.001478631,0
9586,-0.0018488896,0
9587,-0.0030086793,0
9588,-0.0016298475,0
9589,-0.0002657789,0
9590,-0.0020700304,0
9591,-0.0016768571,0
9592,-0.00055307546,0
9593,-0.0012546717,0
9594,-0.0018197498,0
9595,-0.00016676974,0
9596,0.00010735898,1
9597,-0.00020043757,0
9598,-0.0007441204,0
9599,-0.00080729206,0
9600,0.0024866182,1
9601,-0.0002198198,0
9602,-0.00043464673,0
9603,0.000714186,1
9604,-0.00038516845,0
9605,-1.2901934e-05,0
9606,0.0008146549,1
9607,4.0127634e-05,1
9608,0.0002947601,1
9609,0.00047624242,1
9610,0.00047195406,1
9611,0.0008858295,1
9612,-0.00044103633,0
9613,0.0010034519,1
9614,-5.7424622e-05,0
9615,0.000304291,1
9616,-0.0007528697,0
9617,-0.0012704615,0
9618,-0.00034566305,0
9619,0.00018993937,1
9620,0.00054217264,1
9621,-0.0008035339,0
9622,-0.000103934755,0
9623,-0.00058265403,0
9624,-0.0002778988,0
9625,0.00018941917,1
9626,-0.0022415514,0
9627,-0.0020684055,0
9628,-0.0015323448,0
9629,-0.0005579844,0
9630,0.003222416,1
9631,0.00091830624,1
9632,0.00066749786,1
9633,0.0013953856,1
9634,0.0007452854,1
9635,0.0010805065,1
9636,-0.0003074836,0
9637,0.00014184478,1
9638,0.00036019782,1
9639,0.0002903563,1
9640,-0.00017146149,0
9641,-0.00079409924,0
9642,-0.0007369575,0
9643,-0.0009595024,0
9644,0.00013795067,1
9645,-0.0008695799,0
9646,-0.001005736,0
9647,-0.0022690278,0
9648,-0.0019128313,0
9649,-0.0018052057,0
9650,-0.00044727998,0
9651,-0.0007879539,0
9652,-0.0009218369,0
9653,-0.0001850689,0
9654,-0.00038736127,0
9655,0.0006729067,1
9656,0.00022681581,1
9657,-0.0025332416,0
9658,0.0006708098,1
9659,-0.001042521,0
9660,-0.0010766486,0
9661,-0.0017930281,0
9662,-0.0014450357,0
9663,-0.0028935717,0
9664,-0.0023216242,0
9665,-0.0024488047,0
9666,-0.0025147418,0
9667,-0.001570805,0
9668,-0.003713243,0
9669,-0.0030769987,0
9670,-0.0017395616,0
9671,-0.0029562546,0
9672,-0.0012731879,0
9673,0.0013046297,1
9674,-0.0012242958,0
9675,-0.0019494906,0
9676,-0.00050844584,0
9677,-0.0017891324,0
9678,-0.0019188807,0
9679,-0.00242561,0
9680,-0.0025979101,0
9681,-0.0020330634,0
9682,-0.0005456307,0
9683,-0.0016767209,0
9684,-0.0018871708,0
9685,-0.001241644,0
9686,0.00089794805,1
9687,0.0006751399,1
9688,-0.001645666,0
9689,0.00014493207,1
9690,0.0003704493,1
9691,-0.000748674,0
9692,-0.0014810868,0
9693,0.00023989454,1
9694,0.00057021383,1
9695,-0.00028102665,0
9696,8.2892824e-05,1
9697,-0.000960209,0
9698,-0.00090172887,0
9699,-0.0014998439,0
9700,-0.00079568493,0
9701,-0.00020312177,0
9702,-0.0001107346,0
9703,-0.0015759385,0
9704,-0.0016808291,0
9705,-0.0020668318,0
9706,-0.0016992958,0
9707,-0.001100464,0
9708,-0.0017505896,0
9709,-0.00050453795,0
9710,7.106669e-05,1
9711,-0.00012863144,0
9712,-0.0005090542,0
9713,-0.0005346763,0
9714,-0.0012462906,0
9715,-0.0013219245,0
9716,-0.0019227715,0
9717,-0.002645388,0
9718,-0.002110974,0
9719,-0.0020000823,0
9720,-0.0023522694,0
9721,-0.0013509234,0
9722,-0.0026820106,0
9723,-0.0051702,0
9724,-0.00546901,0
9725,-0.0040251166,0
9726,-0.004981433,0
9727,-0.002578595,0
9728,-0.00307336,0
9729,-0.003169042,0
9730,-0.002855952,0
9731,-0.002214621,0
9732,-0.004333629,0
9733,-0.0022391183,0
9734,-0.0023036774,0
9735,-0.0033284598,0
9736,-0.0013610388,0
9737,-0.001957711,0
9738,-0.0022950529,0
9739,-0.0016314874,0
9740,-0.001550287,0
9741,0.00029632737,1
9742,9.8790595e-05,1
9743,-0.0023224454,0
9744,-0.0012574411,0
9745,-0.0019989419,0
9746,-0.002273949,0
9747,-0.0027540587,0
9748,-0.00298524,0
9749,-0.0034941942,0
9750,-0.0019775834,0
9751,-0.0021098973,0
9752,-0.0017197066,0
9753,-0.0012244618,0
9754,-0.0014666095,0
9755,-0.0011398187,0
9756,-0.0005526478,0
9757,-0.00019333234,0
9758,-0.0004985922,0
9759,-0.0011629978,0
9760,-0.0006085308,0
9761,-0.0011168781,0
9762,-0.0012708943,0
9763,-0.0017228097,0
9764,-0.0013942514,0
9765,-0.0017299597,0
9766,-0.0028966242,0
9767,-0.0007961221,0
9768,-0.0010593092,0
9769,-4.8496375e-05,0
9770,0.00085014774,1
9771,0.0019096949,1
9772,-0.0006569969,0
9773,0.0005648731,1
9774,-0.0017800782,0
9775,-0.0016477363,0
9776,-0.0029082417,0
9777,-0.0031919095,0
9778,-0.00372711,0
9779,-0.002652853,0
9780,-0.0025135234,0
9781,-0.0023448854,0
9782,-0.001904037,0
9783,0.00023612488,1
9784,-0.0023745082,0
9785,-0.0015557575,0
9786,-0.0014461176,0
9787,-0.00089226523,0
9788,-0.0008319528,0
9789,-0.00039860705,0
9790,-0.000628112,0
9791,0.0002725771,1
9792,-0.0011132092,0
9793,-0.00081560377,0
9794,-0.0019658192,0
9795,-0.0011722493,0
9796,-0.0027150933,0
9797,-0.0006785299,0
9798,-0.0006224802,0
9799,0.00016406723,1
9800,-0.00051572535,0
9801,-0.00032173673,0
9802,-0.0026862943,0
9803,0.00018460743,1
9804,0.0005730127,1
9805,-0.00052115053,0
9806,-0.00029139762,0
9807,-0.0010292294,0
9808,0.0013093574,1
9809,0.0010792267,1
9810,0.0023594748,1
9811,0.00010827238,1
9812,-0.00012884499,0
9813,-0.00078794337,0
9814,-0.00018278393,0
9815,-0.00020430559,0
9816,-0.00032405404,0
9817,-0.00024487762,0
9818,6.73477e-05,1
9819,0.0005442645,1
9820,-0.00022240987,0
9821,0.00091727823,1
9822,-6.266395e-05,0
9823,-0.00069694966,0
9824,-0.00084240123,0
9825,-0.00021499665,0
9826,0.00045859147,1
9827,-0.0009483369,0
9828,-0.00017531992,0
9829,-0.0007221695,0
9830,-0.0020094323,0
9831,-7.647338e-05,0
9832,-0.0017110467,0
9833,-0.00056757394,0
9834,-0.0035625112,0
9835,-0.003478973,0
9836,-0.0027775036,0
9837,-0.0025444732,0
9838,0.00068483484,1
9839,-0.0008554871,0
9840,-0.0003005585,0
9841,-0.00015069325,0
9842,0.00019263793,1
9843,0.00035776946,1
9844,-0.00028655125,0
9845,-0.00053858134,0
9846,-0.0008690843,0
9847,-0.001978391,0
9848,-0.004617049,0
9849,-0.0012076095,0
9850,-0.0019834263,0
9851,-0.002100778,0
9852,-0.0024377736,0
9853,-0.0015457725,0
9854,-0.0025629336,0
9855,-0.0019334172,0
9856,-0.0017186886,0
9857,-0.0023537863,0
9858,-0.0021389362,0
9859,-0.0029172592,0
9860,-0.00057543145,0
9861,-0.00069540855,0
9862,-0.0009234244,0
9863,-8.5064894e-05,0
9864,-0.0013236025,0
9865,-0.000992849,0
9866,-0.0016518622,0
9867,-0.0012862441,0
9868,0.00059546746,1
9869,-0.0012932223,0
9870,-0.00244177,0
9871,-0.0013815662,0
9872,-0.0015565731,0
9873,-0.00060552394,0
9874,-0.000818556,0
9875,-0.0001624031,0
9876,0.002132609,1
9877,-0.0014912684,0
9878,-0.00016258276,0
9879,-0.0008704366,0
9880,-0.0015830175,0
9881,-0.0006641688,0
9882,-0.0013401402,0
9883,-0.00056585384,0
9884,-0.0017659934,0
9885,-0.00030305577,0
9886,-0.0013904386,0
9887,-0.0012262289,0
9888,-0.0018160236,0
9889,0.0012788723,1
9890,-0.00033869912,0
9891,-0.00058984535,0
9892,-0.00058258616,0
9893,-0.0012707397,0
9894,-0.001348537,0
9895,-0.0029898072,0
9896,-0.0028360297,0
9897,-0.0024367515,0
9898,-0.0014793451,0
9899,-0.002305932,0
9900,-0.0016535101,0
9901,-0.00093627366,0
9902,-0.00070603477,0
9903,-0.0011349879,0
9904,0.00014061894,1
9905,-0.00020918649,0
9906,-0.0016444969,0
9907,-0.0027682285,0
9908,0.00038556874,1
9909,0.00070460513,1
9910,0.0009478279,1
9911,0.0008587609,1
9912,0.00018926122,1
9913,0.00039783245,1
9914,-0.00021834606,0
9915,0.00019021405,1
9916,0.0005030237,1
9917,0.000324639,1
9918,-0.0002104315,0
9919,0.0013035474,1
9920,-0.00068610825,0
9921,0.0003582332,1
9922,-0.0012797217,0
9923,0.00033492717,1
9924,-0.0011880355,0
9925,-0.0014655197,0
9926,-0.0011852055,0
9927,-0.004367255,0
9928,-0.0032361588,0
9929,-0.0030813622,0
9930,-0.0021344256,0
9931,-0.0028376656,0
9932,-0.0011740804,0
9933,-0.0014652298,0
9934,-0.0020373287,0
9935,-0.002163415,0
9936,-0.0024668532,0
9937,-0.0017005508,0
9938,-0.0015193038,0
9939,0.00047367436,1
9940,-0.0003091514,0
9941,-0.001685511,0
9942,0.00012671381,1
9943,0.001718297,1
9944,0.0022855583,1
9945,0.0013490425,1
9946,0.0016023935,1
9947,0.0004019193,1
9948,-2.0965472e-05,0
9949,0.00030963542,1
9950,-0.00019538206,0
9951,0.00028963224,1
9952,0.00024986477,1
9953,0.00013220991,1
9954,-0.0014087874,0
9955,-0.00076036446,0
9956,-0.0008037085,0
9957,-0.00040244515,0
9958,-0.00015467843,0
9959,0.00015548307,1
9960,-0.00051041,0
9961,0.0010164104,1
9962,5.2828003e-05,1
9963,-0.0013191039,0
9964,0.0012043973,1
9965,-0.0012587955,0
9966,0.00021343975,1
9967,-0.00022460458,0
9968,-0.0007571533,0
9969,-0.0010907105,0
9970,-0.0016429849,0
9971,-0.001287937,0
9972,-0.0014288839,0
9973,-0.00079997536,0
9974,-0.00019985577,0
9975,0.00059452007,1
9976,0.001352911,1
9977,-0.0022497317,0
9978,-0.0011498185,0
9979,0.0013387877,1
9980,0.00031585165,1
9981,-0.002936988,0
9982,-0.001409066,0
9983,-0.0025339331,0
9984,-0.0016088887,0
9985,-0.0026763463,0
9986,-0.0028234455,0
9987,-0.0009886691,0
9988,-0.0020108246,0
9989,-0.0012673044,0
9990,-0.00043406297,0
9991,-0.0013787849,0
9992,-0.0014916686,0
9993,-0.0012314852,0
9994,-0.0016466642,0
9995,-0.0022340915,0
9996,-0.002593412,0
9997,0.0007216064,1
9998,-3.5579114e-06,0
